metric,target_rho,realised_rho_mean,realised_rho_sd,n_total,estimator,replications,variance,variance_ratio,theoretical_ratio,empirical_variance_of_estimates,sample_size_ratio,users_saved_pct
conversion_p04,0.0,-0.00031540750629537837,0.003143775715451426,100000,cuped,800,1.5365657402929096e-06,0.9999900207794936,1.0,1.461252630933136e-06,0.9999900207794936,0.0009979220506384223
conversion_p04,0.1,0.09983153658544279,0.0053219971068086,100000,cuped,800,1.5203597033288725e-06,0.9900030803604324,0.99,1.4568067938258558e-06,0.9900030803604324,0.9996919639567614
conversion_p04,0.2,0.2002645626454045,0.006203545277131124,100000,cuped,800,1.4740980739988898e-06,0.9598508897043768,0.96,1.4233612137303616e-06,0.9598508897043768,4.0149110295623185
conversion_p04,0.3,0.3001191416543038,0.00673347118331354,100000,cuped,800,1.398007584072208e-06,0.9098678995170466,0.91,1.4352762009772927e-06,0.9098678995170466,9.013210048295338
conversion_p04,0.4,0.3997722181633304,0.007105243617095741,100000,cuped,800,1.2906239649781455e-06,0.8401075347933776,0.84,1.2080017637425742e-06,0.8401075347933776,15.989246520662237
conversion_p04,0.5,0.50004661871254,0.006811576490559304,100000,cuped,800,1.1517996643896281e-06,0.7498841536350757,0.75,1.1617157777895173e-06,0.7498841536350757,25.011584636492433
conversion_p04,0.6,0.5999906347111782,0.006329369140249518,100000,cuped,800,9.822605123580828e-07,0.6399391845587487,0.64,9.929106751263698e-07,0.6399391845587487,36.00608154412514
conversion_p04,0.7,0.6998844425766755,0.005822742518797892,100000,cuped,800,7.838776734629165e-07,0.5100978023936792,0.51,7.764689215889679e-07,0.5100978023936792,48.99021976063208
conversion_p04,0.8,0.7999009911463767,0.005025085474472634,100000,cuped,800,5.533446444664554e-07,0.3601031013115772,0.3599999999999999,5.953699831218041e-07,0.3601031013115772,63.989689868842284
conversion_p04,0.9,0.9000385987964924,0.0034672355468172715,100000,cuped,800,2.919610207611399e-07,0.18990026429575355,0.18999999999999995,2.806965664736562e-07,0.18990026429575355,81.00997357042465
conversion_p04,0.0,-0.00031540750629537837,0.003143775715451426,100000,cuped_plus_strata,800,1.5366371411139085e-06,1.0000364881102444,1.0,1.4609715919624232e-06,1.0000364881102444,-0.0036488110244370375
conversion_p04,0.1,0.09983153658544279,0.0053219971068086,100000,cuped_plus_strata,800,1.5036811023197867e-06,0.9791425804807365,0.99,1.447917987162192e-06,0.9791425804807365,2.0857419519263454
conversion_p04,0.2,0.2002645626454045,0.006203545277131124,100000,cuped_plus_strata,800,1.4397169786606939e-06,0.937463827722907,0.96,1.361038765223176e-06,0.937463827722907,6.253617227709296
conversion_p04,0.3,0.3001191416543038,0.00673347118331354,100000,cuped_plus_strata,800,1.3519494750099015e-06,0.8798918139609304,0.91,1.37100241825271e-06,0.8798918139609304,12.010818603906959
conversion_p04,0.4,0.3997722181633304,0.007105243617095741,100000,cuped_plus_strata,800,1.2402578022891375e-06,0.8073226230593226,0.84,1.177602279631274e-06,0.8073226230593226,19.267737694067744
conversion_p04,0.5,0.50004661871254,0.006811576490559304,100000,cuped_plus_strata,800,1.104689182238816e-06,0.7192126704533862,0.75,1.1197384870426236e-06,0.7192126704533862,28.07873295466138
conversion_p04,0.6,0.5999906347111782,0.006329369140249518,100000,cuped_plus_strata,800,9.454856784380561e-07,0.6159805127654902,0.64,9.772105871764627e-07,0.6159805127654902,38.401948723450985
conversion_p04,0.7,0.6998844425766755,0.005822742518797892,100000,cuped_plus_strata,800,7.611564534774553e-07,0.49531227555109675,0.51,7.5700243406861e-07,0.49531227555109675,50.46877244489032
conversion_p04,0.8,0.7999009911463767,0.005025085474472634,100000,cuped_plus_strata,800,5.431159206153604e-07,0.35344649910520615,0.3599999999999999,5.835955258348713e-07,0.35344649910520615,64.65535008947938
conversion_p04,0.9,0.9000385987964924,0.0034672355468172715,100000,cuped_plus_strata,800,2.894062252096236e-07,0.1882385481214856,0.18999999999999995,2.7700781716819246e-07,0.1882385481214856,81.17614518785143
conversion_p04,0.0,-0.00031540750629537837,0.003143775715451426,100000,diff_in_means,800,1.5365810741742747e-06,1.0,1.0,1.4613075107767083e-06,1.0,0.0
conversion_p04,0.1,0.09983153658544279,0.0053219971068086,100000,diff_in_means,800,1.5357120937192965e-06,1.0,0.99,1.4862647933163938e-06,1.0,0.0
conversion_p04,0.2,0.2002645626454045,0.006203545277131124,100000,diff_in_means,800,1.5357573658684582e-06,1.0,0.96,1.4598261014278318e-06,1.0,0.0
conversion_p04,0.3,0.3001191416543038,0.00673347118331354,100000,diff_in_means,800,1.5364951162847525e-06,1.0,0.91,1.589270102676424e-06,1.0,0.0
conversion_p04,0.4,0.3997722181633304,0.007105243617095741,100000,diff_in_means,800,1.5362604327737297e-06,1.0,0.84,1.4515882777171808e-06,1.0,0.0
conversion_p04,0.5,0.50004661871254,0.006811576490559304,100000,diff_in_means,800,1.5359701345951377e-06,1.0,0.75,1.5738885191945917e-06,1.0,0.0
conversion_p04,0.6,0.5999906347111782,0.006329369140249518,100000,diff_in_means,800,1.534927905743687e-06,1.0,0.64,1.5111616212697777e-06,1.0,0.0
conversion_p04,0.7,0.6998844425766755,0.005822742518797892,100000,diff_in_means,800,1.536720350067185e-06,1.0,0.51,1.4184054514839582e-06,1.0,0.0
conversion_p04,0.8,0.7999009911463767,0.005025085474472634,100000,diff_in_means,800,1.5366283779591142e-06,1.0,0.3599999999999999,1.5915571569645018e-06,1.0,0.0
conversion_p04,0.9,0.9000385987964924,0.0034672355468172715,100000,diff_in_means,800,1.5374439937926332e-06,1.0,0.18999999999999995,1.4977141433992653e-06,1.0,0.0
conversion_p04,0.0,-0.00031540750629537837,0.003143775715451426,100000,lin_adjusted,800,1.5365974232895073e-06,1.0000106399301067,1.0,1.4612880168426005e-06,1.0000106399301067,-0.0010639930106748352
conversion_p04,0.1,0.09983153658544279,0.0053219971068086,100000,lin_adjusted,800,1.5204398592490113e-06,0.9900552749875807,0.99,1.4568660776760005e-06,0.9900552749875807,0.9944725012419275
conversion_p04,0.2,0.2002645626454045,0.006203545277131124,100000,lin_adjusted,800,1.4742204633516786e-06,0.9599305828613226,0.96,1.4234955468237499e-06,0.9599305828613226,4.0069417138677395
conversion_p04,0.3,0.3001191416543038,0.00673347118331354,100000,lin_adjusted,800,1.3981754295488237e-06,0.9099771387035801,0.91,1.4354573004629268e-06,0.9099771387035801,9.00228612964199
conversion_p04,0.4,0.3997722181633304,0.007105243617095741,100000,lin_adjusted,800,1.2908105037432867e-06,0.8402289587141932,0.84,1.2081648463965938e-06,0.8402289587141932,15.977104128580677
conversion_p04,0.5,0.50004661871254,0.006811576490559304,100000,lin_adjusted,800,1.1520000024046068e-06,0.750014584566294,0.75,1.1619008358498754e-06,0.750014584566294,24.9985415433706
conversion_p04,0.6,0.5999906347111782,0.006329369140249518,100000,lin_adjusted,800,9.824377310163351e-07,0.6400546418760528,0.64,9.930852601273423e-07,0.6400546418760528,35.99453581239472
conversion_p04,0.7,0.6998844425766755,0.005822742518797892,100000,lin_adjusted,800,7.840306130439689e-07,0.5101973257591671,0.51,7.765813499406769e-07,0.5101973257591671,48.98026742408329
conversion_p04,0.8,0.7999009911463767,0.005025085474472634,100000,lin_adjusted,800,5.534610121298441e-07,0.3601788305282556,0.3599999999999999,5.954906041620939e-07,0.3601788305282556,63.98211694717444
conversion_p04,0.9,0.9000385987964924,0.0034672355468172715,100000,lin_adjusted,800,2.9202720909063913e-07,0.18994331518395918,0.18999999999999995,2.8075875620973094e-07,0.18994331518395918,81.00566848160409
conversion_p04,0.0,-0.00031540750629537837,0.003143775715451426,100000,post_stratified,800,1.5366491870185984e-06,1.00004432753043,1.0,1.4609930563158873e-06,1.00004432753043,-0.004432753043004389
conversion_p04,0.1,0.09983153658544279,0.0053219971068086,100000,post_stratified,800,1.5061000307166616e-06,0.9807176988943818,0.99,1.466329899430162e-06,0.9807176988943818,1.9282301105618238
conversion_p04,0.2,0.2002645626454045,0.006203545277131124,100000,post_stratified,800,1.4578966101427827e-06,0.9493013952229062,0.96,1.3432080004885617e-06,0.9493013952229062,5.069860477709376
conversion_p04,0.3,0.3001191416543038,0.00673347118331354,100000,post_stratified,800,1.406088532627123e-06,0.9151272384301794,0.91,1.4357939968712463e-06,0.9151272384301794,8.487276156982059
conversion_p04,0.4,0.3997722181633304,0.007105243617095741,100000,post_stratified,800,1.3564027333995365e-06,0.8829249940067396,0.84,1.31540582758358e-06,0.8829249940067396,11.707500599326037
conversion_p04,0.5,0.50004661871254,0.006811576490559304,100000,post_stratified,800,1.315712733395284e-06,0.8566004662207115,0.75,1.3522858017458936e-06,0.8566004662207115,14.339953377928849
conversion_p04,0.6,0.5999906347111782,0.006329369140249518,100000,post_stratified,800,1.2897251025886685e-06,0.8402512572496261,0.64,1.3321391165741995e-06,0.8402512572496261,15.974874275037386
conversion_p04,0.7,0.6998844425766755,0.005822742518797892,100000,post_stratified,800,1.2815475450688965e-06,0.8339497456468691,0.51,1.1749901897470285e-06,0.8339497456468691,16.60502543531309
conversion_p04,0.8,0.7999009911463767,0.005025085474472634,100000,post_stratified,800,1.280436389492853e-06,0.8332765474456975,0.3599999999999999,1.270939999498068e-06,0.8332765474456975,16.672345255430255
conversion_p04,0.9,0.9000385987964924,0.0034672355468172715,100000,post_stratified,800,1.2809908279353128e-06,0.833195116769951,0.18999999999999995,1.2249581246413258e-06,0.833195116769951,16.680488323004905
revenue_p10,0.0,2.506311752661956e-05,0.003293739510281117,100000,cuped,800,0.29921267679294944,0.9999892409459279,1.0,0.3013037848125256,0.9999892409459279,0.0010759054072106977
revenue_p10,0.1,0.10069424555069811,0.010264924026677077,100000,cuped,800,0.29524040521409467,0.9898132143704519,0.99,0.3045234835967352,0.9898132143704519,1.0186785629548112
revenue_p10,0.2,0.20056486601515636,0.015556569242608469,100000,cuped,800,0.2855765752740028,0.9596016566111089,0.96,0.30658628180287206,0.9596016566111089,4.039834338889115
revenue_p10,0.3,0.30043800897856116,0.01859066740040807,100000,cuped,800,0.27156522840581,0.9094670886177272,0.91,0.26512086441160665,0.9094670886177272,9.053291138227282
revenue_p10,0.4,0.4005100772468336,0.022747385260970497,100000,cuped,800,0.2511085147411359,0.8390739769177541,0.84,0.2594627773896263,0.8390739769177541,16.092602308224592
revenue_p10,0.5,0.5005141483538599,0.021233899625961748,100000,cuped,800,0.22291707618502787,0.7486711616976159,0.75,0.22388997059946986,0.7486711616976159,25.132883830238406
revenue_p10,0.6,0.6009164412203382,0.022340484881834134,100000,cuped,800,0.1904988130253694,0.6369960352288544,0.64,0.184908025198013,0.6369960352288544,36.30039647711456
revenue_p10,0.7,0.7003104748549872,0.018584421691258336,100000,cuped,800,0.15126805060152732,0.5090587380857163,0.51,0.14237132414151174,0.5090587380857163,49.094126191428366
revenue_p10,0.8,0.8003539555141461,0.013986873302454824,100000,cuped,800,0.10682371079906584,0.35850554865834483,0.3599999999999999,0.11334816319216813,0.35850554865834483,64.14944513416552
revenue_p10,0.9,0.9001861378812194,0.008587516674233497,100000,cuped,800,0.056431710800221156,0.18902418207134747,0.18999999999999995,0.05795459339037268,0.18902418207134747,81.09758179286526
revenue_p10,0.0,2.506311752661956e-05,0.003293739510281117,100000,cuped_plus_strata,800,0.2992030104398087,0.9999569353322636,1.0,0.3015364257444706,0.9999569353322636,0.004306466773640327
revenue_p10,0.1,0.10069424555069811,0.010264924026677077,100000,cuped_plus_strata,800,0.2925654972109919,0.9808454062996818,0.99,0.3029447719627821,0.9808454062996818,1.9154593700318245
revenue_p10,0.2,0.20056486601515636,0.015556569242608469,100000,cuped_plus_strata,800,0.2809063475498993,0.9439086388749695,0.96,0.29858328399674405,0.9439086388749695,5.609136112503055
revenue_p10,0.3,0.30043800897856116,0.01859066740040807,100000,cuped_plus_strata,800,0.2661740322817442,0.8914120693065125,0.91,0.26343829181207307,0.8914120693065125,10.85879306934875
revenue_p10,0.4,0.4005100772468336,0.022747385260970497,100000,cuped_plus_strata,800,0.2458005432255775,0.8213374984334739,0.84,0.2525419689329435,0.8213374984334739,17.866250156652608
revenue_p10,0.5,0.5005141483538599,0.021233899625961748,100000,cuped_plus_strata,800,0.21829920330538946,0.7331619494266765,0.75,0.21920888505737,0.7331619494266765,26.683805057332354
revenue_p10,0.6,0.6009164412203382,0.022340484881834134,100000,cuped_plus_strata,800,0.1869881905008116,0.625257103138865,0.64,0.18104620640992017,0.625257103138865,37.47428968611351
revenue_p10,0.7,0.7003104748549872,0.018584421691258336,100000,cuped_plus_strata,800,0.1488701358040335,0.5009890930020707,0.51,0.14033992558245967,0.5009890930020707,49.901090699792924
revenue_p10,0.8,0.8003539555141461,0.013986873302454824,100000,cuped_plus_strata,800,0.10550004554126016,0.35406326392642584,0.3599999999999999,0.1117949754873219,0.35406326392642584,64.59367360735742
revenue_p10,0.9,0.9001861378812194,0.008587516674233497,100000,cuped_plus_strata,800,0.05600329061221217,0.18758914183469858,0.18999999999999995,0.05762304839085911,0.18758914183469858,81.24108581653014
revenue_p10,0.0,2.506311752661956e-05,0.003293739510281117,100000,diff_in_means,800,0.2992158960729545,1.0,1.0,0.3013645214403846,1.0,0.0
revenue_p10,0.1,0.10069424555069811,0.010264924026677077,100000,diff_in_means,800,0.2982789085129315,1.0,0.99,0.307236900683391,1.0,0.0
revenue_p10,0.2,0.20056486601515636,0.015556569242608469,100000,diff_in_means,800,0.29759908531476875,1.0,0.96,0.31540197103970935,1.0,0.0
revenue_p10,0.3,0.30043800897856116,0.01859066740040807,100000,diff_in_means,800,0.2985981920671304,1.0,0.91,0.28888689331910283,1.0,0.0
revenue_p10,0.4,0.4005100772468336,0.022747385260970497,100000,diff_in_means,800,0.2992686242797749,1.0,0.84,0.30995235306211366,1.0,0.0
revenue_p10,0.5,0.5005141483538599,0.021233899625961748,100000,diff_in_means,800,0.2977503176154965,1.0,0.75,0.2990289422958127,1.0,0.0
revenue_p10,0.6,0.6009164412203382,0.022340484881834134,100000,diff_in_means,800,0.2990580827664471,1.0,0.64,0.29985296964739666,1.0,0.0
revenue_p10,0.7,0.7003104748549872,0.018584421691258336,100000,diff_in_means,800,0.29715244879276875,1.0,0.51,0.2757198796106723,1.0,0.0
revenue_p10,0.8,0.8003539555141461,0.013986873302454824,100000,diff_in_means,800,0.2979694768988601,1.0,0.3599999999999999,0.30367557926631483,1.0,0.0
revenue_p10,0.9,0.9001861378812194,0.008587516674233497,100000,diff_in_means,800,0.29854228269545385,1.0,0.18999999999999995,0.31294749827033885,1.0,0.0
revenue_p10,0.0,2.506311752661956e-05,0.003293739510281117,100000,lin_adjusted,800,0.299218021169969,1.0000071022196426,1.0,0.30129448307590245,1.0000071022196426,-0.0007102219642618479
revenue_p10,0.1,0.10069424555069811,0.010264924026677077,100000,lin_adjusted,800,0.29531592521279326,0.9900664002194786,0.99,0.3046449954617661,0.9900664002194786,0.993359978052144
revenue_p10,0.2,0.20056486601515636,0.015556569242608469,100000,lin_adjusted,800,0.28580031223261004,0.9603534632182111,0.96,0.3067972082615427,0.9603534632182111,3.9646536781788866
revenue_p10,0.3,0.30043800897856116,0.01859066740040807,100000,lin_adjusted,800,0.27256342280668316,0.9128100237974845,0.91,0.26573603473306084,0.9128100237974845,8.718997620251546
revenue_p10,0.4,0.4005100772468336,0.022747385260970497,100000,lin_adjusted,800,0.25173091260049324,0.8411537066617433,0.84,0.25992857396216223,0.8411537066617433,15.884629333825673
revenue_p10,0.5,0.5005141483538599,0.021233899625961748,100000,lin_adjusted,800,0.22351763414389075,0.7506881468134419,0.75,0.22454283850468504,0.7506881468134419,24.931185318655814
revenue_p10,0.6,0.6009164412203382,0.022340484881834134,100000,lin_adjusted,800,0.1908039987642444,0.6380165250817014,0.64,0.18552718059224804,0.6380165250817014,36.198347491829864
revenue_p10,0.7,0.7003104748549872,0.018584421691258336,100000,lin_adjusted,800,0.15181551090405931,0.5109010930949252,0.51,0.1429223952243582,0.5109010930949252,48.90989069050748
revenue_p10,0.8,0.8003539555141461,0.013986873302454824,100000,lin_adjusted,800,0.10713541457914916,0.3595516416452084,0.3599999999999999,0.11379612564240266,0.3595516416452084,64.04483583547915
revenue_p10,0.9,0.9001861378812194,0.008587516674233497,100000,lin_adjusted,800,0.056487588689961336,0.18921135116925775,0.18999999999999995,0.05818356205694418,0.18921135116925775,81.07886488307423
revenue_p10,0.0,2.506311752661956e-05,0.003293739510281117,100000,post_stratified,800,0.2992057379584575,0.9999660508862319,1.0,0.30159319511377614,0.9999660508862319,0.0033949113768083627
revenue_p10,0.1,0.10069424555069811,0.010264924026677077,100000,post_stratified,800,0.2934086693405485,0.9836721972845363,0.99,0.3026241050260663,0.9836721972845363,1.6327802715463746
revenue_p10,0.2,0.20056486601515636,0.015556569242608469,100000,post_stratified,800,0.2861651120326323,0.9615792727654293,0.96,0.2995940564208334,0.9615792727654293,3.8420727234570684
revenue_p10,0.3,0.30043800897856116,0.01859066740040807,100000,post_stratified,800,0.28078739056938123,0.9403519446167813,0.91,0.2777576421152343,0.9403519446167813,5.964805538321871
revenue_p10,0.4,0.4005100772468336,0.022747385260970497,100000,post_stratified,800,0.27538775243538843,0.920202554137245,0.84,0.28259580091003444,0.920202554137245,7.979744586275494
revenue_p10,0.5,0.5005141483538599,0.021233899625961748,100000,post_stratified,800,0.2684946343387804,0.9017442415813113,0.75,0.2685388367743558,0.9017442415813113,9.825575841868872
revenue_p10,0.6,0.6009164412203382,0.022340484881834134,100000,post_stratified,800,0.26501657114875343,0.8861709026460964,0.64,0.2613163962353696,0.8861709026460964,11.382909735390356
revenue_p10,0.7,0.7003104748549872,0.018584421691258336,100000,post_stratified,800,0.25886748155363826,0.8711605191386793,0.51,0.2415085325044778,0.8711605191386793,12.883948086132069
revenue_p10,0.8,0.8003539555141461,0.013986873302454824,100000,post_stratified,800,0.2561197553905442,0.8595503071526989,0.3599999999999999,0.261008525291753,0.8595503071526989,14.044969284730113
revenue_p10,0.9,0.9001861378812194,0.008587516674233497,100000,post_stratified,800,0.25434944719578445,0.8519712681879941,0.18999999999999995,0.25470738906172685,0.8519712681879941,14.802873181200592
sessions_m3,0.0,4.343002388413726e-05,0.0030453166073467312,100000,cuped,800,0.0005701125302875151,0.9999907276390412,1.0,0.0005706755434197664,0.9999907276390412,0.0009272360958823
sessions_m3,0.1,0.10009284134477003,0.0036242487361725327,100000,cuped,800,0.0005644450250416579,0.9899672982840998,0.99,0.0005329556665365724,0.9899672982840998,1.0032701715900205
sessions_m3,0.2,0.19999577475712918,0.003596737924972697,100000,cuped,800,0.0005470738443183788,0.959987165454061,0.96,0.0005551875349493285,0.959987165454061,4.001283454593896
sessions_m3,0.3,0.2998043836757435,0.0036299983272712034,100000,cuped,800,0.0005187934711145263,0.9101006922262803,0.91,0.0004749664514413842,0.9101006922262803,8.989930777371969
sessions_m3,0.4,0.40006550132953783,0.003590408293757255,100000,cuped,800,0.0004786874335654374,0.8399286991564519,0.84,0.0004644546509271259,0.8399286991564519,16.007130084354813
sessions_m3,0.5,0.49987158831806755,0.003264327291625846,100000,cuped,800,0.0004274480498545391,0.7501091138785807,0.75,0.00040870859959921894,0.7501091138785807,24.98908861214193
sessions_m3,0.6,0.5999335550230227,0.002821269105301386,100000,cuped,800,0.0003649102367047268,0.6400601026496734,0.64,0.00033154265231211534,0.6400601026496734,35.99398973503266
sessions_m3,0.7,0.6999743390088478,0.0024579326363269615,100000,cuped,800,0.0002906855371617938,0.5100150682753116,0.51,0.0002938444090473012,0.5100150682753116,48.99849317246884
sessions_m3,0.8,0.8000876791125444,0.0017614998820571057,100000,cuped,800,0.00020517492056219375,0.3598432998788199,0.3599999999999999,0.00019975449531443482,0.3598432998788199,64.01567001211801
sessions_m3,0.9,0.8999363349496451,0.0009454465737973933,100000,cuped,800,0.00010832038349637321,0.19010423323559672,0.18999999999999995,0.00010721194366817534,0.19010423323559672,80.98957667644034
sessions_m3,0.0,4.343002388413726e-05,0.0030453166073467312,100000,cuped_plus_strata,800,0.0005701381806589271,1.0000357189911162,1.0,0.0005704231701703357,1.0000357189911162,-0.003571899111620702
sessions_m3,0.1,0.10009284134477003,0.0036242487361725327,100000,cuped_plus_strata,800,0.0005636865058120065,0.9886369486501047,0.99,0.0005318053457947056,0.9886369486501047,1.1363051349895348
sessions_m3,0.2,0.19999577475712918,0.003596737924972697,100000,cuped_plus_strata,800,0.0005448345380221045,0.9560577045115037,0.96,0.0005531870962565921,0.9560577045115037,4.394229548849626
sessions_m3,0.3,0.2998043836757435,0.0036299983272712034,100000,cuped_plus_strata,800,0.0005152677124330946,0.9039155808182661,0.91,0.0004659096435810119,0.9039155808182661,9.608441918173394
sessions_m3,0.4,0.40006550132953783,0.003590408293757255,100000,cuped_plus_strata,800,0.0004744121811539402,0.8324271293537772,0.84,0.00046322317391440026,0.8324271293537772,16.757287064622282
sessions_m3,0.5,0.49987158831806755,0.003264327291625846,100000,cuped_plus_strata,800,0.0004231410260972384,0.7425509140572405,0.75,0.0004001328079004067,0.7425509140572405,25.74490859427595
sessions_m3,0.6,0.5999335550230227,0.002821269105301386,100000,cuped_plus_strata,800,0.0003612060370412372,0.6335628598256346,0.64,0.0003232889864124091,0.6335628598256346,36.64371401743654
sessions_m3,0.7,0.6999743390088478,0.0024579326363269615,100000,cuped_plus_strata,800,0.00028800050665797464,0.5053041148887164,0.51,0.00029258219098260733,0.5053041148887164,49.46958851112836
sessions_m3,0.8,0.8000876791125444,0.0017614998820571057,100000,cuped_plus_strata,800,0.0002036657744864242,0.35719650414756743,0.3599999999999999,0.00019739617528082484,0.35719650414756743,64.28034958524326
sessions_m3,0.9,0.8999363349496451,0.0009454465737973933,100000,cuped_plus_strata,800,0.00010779952834784546,0.1891901230243732,0.18999999999999995,0.00010673546144602352,0.1891901230243732,81.08098769756268
sessions_m3,0.0,4.343002388413726e-05,0.0030453166073467312,100000,diff_in_means,800,0.0005701178166256999,1.0,1.0,0.0005708764169113583,1.0,0.0
sessions_m3,0.1,0.10009284134477003,0.0036242487361725327,100000,diff_in_means,800,0.0005701653236627156,1.0,0.99,0.0005339281415037938,1.0,0.0
sessions_m3,0.2,0.19999577475712918,0.003596737924972697,100000,diff_in_means,800,0.0005698762066882636,1.0,0.96,0.0005827612509263331,1.0,0.0
sessions_m3,0.3,0.2998043836757435,0.0036299983272712034,100000,diff_in_means,800,0.0005700396401693293,1.0,0.91,0.0005288046557016145,1.0,0.0
sessions_m3,0.4,0.40006550132953783,0.003590408293757255,100000,diff_in_means,800,0.0005699143677864414,1.0,0.84,0.0005871336138126768,1.0,0.0
sessions_m3,0.5,0.49987158831806755,0.003264327291625846,100000,diff_in_means,800,0.0005698478287303274,1.0,0.75,0.0005584225885911871,1.0,0.0
sessions_m3,0.6,0.5999335550230227,0.002821269105301386,100000,diff_in_means,800,0.000570118704781158,1.0,0.64,0.000555900093804491,1.0,0.0
sessions_m3,0.7,0.6999743390088478,0.0024579326363269615,100000,diff_in_means,800,0.0005699548018155389,1.0,0.51,0.0005234968358040592,1.0,0.0
sessions_m3,0.8,0.8000876791125444,0.0017614998820571057,100000,diff_in_means,800,0.0005701785211265237,1.0,0.3599999999999999,0.0005694210435813268,1.0,0.0
sessions_m3,0.9,0.8999363349496451,0.0009454465737973933,100000,diff_in_means,800,0.0005697946944828496,1.0,0.18999999999999995,0.0005518924465553308,1.0,0.0
sessions_m3,0.0,4.343002388413726e-05,0.0030453166073467312,100000,lin_adjusted,800,0.0005701233451298386,1.0000096971257124,1.0,0.0005706865053583032,1.0000096971257124,-0.0009697125712415655
sessions_m3,0.1,0.10009284134477003,0.0036242487361725327,100000,lin_adjusted,800,0.0005644616940659438,0.9899965337068694,0.99,0.0005329744897165597,0.9899965337068694,1.0003466293130647
sessions_m3,0.2,0.19999577475712918,0.003596737924972697,100000,lin_adjusted,800,0.0005470956013818732,0.9600253440325647,0.96,0.0005552058917367985,0.9600253440325647,3.9974655967435324
sessions_m3,0.3,0.2998043836757435,0.0036299983272712034,100000,lin_adjusted,800,0.0005188170664432859,0.9101420846612915,0.91,0.0004749868713600172,0.9101420846612915,8.985791533870845
sessions_m3,0.4,0.40006550132953783,0.003590408293757255,100000,lin_adjusted,800,0.0004787099457991555,0.8399682002376503,0.84,0.0004644737504169005,0.8399682002376503,16.00317997623497
sessions_m3,0.5,0.49987158831806755,0.003264327291625846,100000,lin_adjusted,800,0.0004274711109629851,0.7501495827674373,0.75,0.0004087309911508079,0.7501495827674373,24.985041723256273
sessions_m3,0.6,0.5999335550230227,0.002821269105301386,100000,lin_adjusted,800,0.0003649337710145232,0.6401013823158183,0.64,0.00033155904315568035,0.6401013823158183,35.98986176841817
sessions_m3,0.7,0.6999743390088478,0.0024579326363269615,100000,lin_adjusted,800,0.0002907051914384236,0.5100495521967862,0.51,0.00029386318551313643,0.5100495521967862,48.995044780321386
sessions_m3,0.8,0.8000876791125444,0.0017614998820571057,100000,lin_adjusted,800,0.00020518896003412002,0.3598679228195413,0.3599999999999999,0.00019976629816498162,0.3598679228195413,64.01320771804588
sessions_m3,0.9,0.8999363349496451,0.0009454465737973933,100000,lin_adjusted,800,0.00010832984261380116,0.1901208341578579,0.18999999999999995,0.00010721983670165668,0.1901208341578579,80.9879165842142
sessions_m3,0.0,4.343002388413726e-05,0.0030453166073467312,100000,post_stratified,800,0.0005701395499530045,1.0000381207649907,1.0,0.0005704514692768071,1.0000381207649907,-0.0038120764990656753
sessions_m3,0.1,0.10009284134477003,0.0036242487361725327,100000,post_stratified,800,0.0005639395944339608,0.9890808350308625,0.99,0.0005326211988216286,0.9890808350308625,1.0919164969137474
sessions_m3,0.2,0.19999577475712918,0.003596737924972697,100000,post_stratified,800,0.0005464330527222045,0.958862725464018,0.96,0.0005484705309437462,0.958862725464018,4.113727453598203
sessions_m3,0.3,0.2998043836757435,0.0036299983272712034,100000,post_stratified,800,0.0005200595419602951,0.9123217146895475,0.91,0.0004721924458656991,0.9123217146895475,8.767828531045252
sessions_m3,0.4,0.40006550132953783,0.003590408293757255,100000,post_stratified,800,0.00048518279142971616,0.8513257760357501,0.84,0.0004863411364507587,0.8513257760357501,14.86742239642499
sessions_m3,0.5,0.49987158831806755,0.003264327291625846,100000,post_stratified,800,0.0004430568610723659,0.7775003057562521,0.75,0.00042382914904413535,0.7775003057562521,22.249969424374793
sessions_m3,0.6,0.5999335550230227,0.002821269105301386,100000,post_stratified,800,0.00039427527373053707,0.6915669849525126,0.64,0.0003609896350399105,0.6915669849525126,30.843301504748744
sessions_m3,0.7,0.6999743390088478,0.0024579326363269615,100000,post_stratified,800,0.00033860438838255203,0.5940898950302002,0.51,0.0003428313297846029,0.5940898950302002,40.59101049697998
sessions_m3,0.8,0.8000876791125444,0.0017614998820571057,100000,post_stratified,800,0.00027667861776000063,0.48524910621563927,0.3599999999999999,0.0002665836320910567,0.48524910621563927,51.47508937843608
sessions_m3,0.9,0.8999363349496451,0.0009454465737973933,100000,post_stratified,800,0.00020841801083349684,0.365777380610149,0.18999999999999995,0.0002028658878860171,0.365777380610149,63.4222619389851
