metric,true_relative_effect,n_total,estimator,replications,power,power_lo,power_hi,mean_se,effective_variance
conversion_p04,0.05,105488,cuped,1500,0.4766666666666667,0.45148304349340806,0.5019694966068671,0.0010570774955556996,0.0294684111952271
conversion_p04,0.05,150698,cuped,1500,0.612,0.5870837037570998,0.6363441037615795,0.0008842027805791615,0.029454472534625624
conversion_p04,0.05,210978,cuped,1500,0.764,0.7418540478824774,0.7847972126972668,0.0007474281837295009,0.02946565636980619
conversion_p04,0.05,301396,cuped,1500,0.8966666666666666,0.8802355983981932,0.9110712198971295,0.0006252702339348118,0.029458660948407336
conversion_p04,0.05,421956,cuped,1500,0.9673333333333334,0.95707623198922,0.9752028934309839,0.0005284725125673832,0.02946130511973242
conversion_p04,0.05,572654,cuped,1500,0.9906666666666667,0.9843943504914645,0.9944322348284642,0.0004536080974655481,0.02945736558038804
conversion_p04,0.05,105488,cuped_plus_strata,1500,0.49666666666666665,0.4714050534189805,0.5219453094524873,0.001034182771812903,0.028205750793431527
conversion_p04,0.05,150698,cuped_plus_strata,1500,0.6346666666666667,0.6099833781245948,0.658661961868103,0.0008650940684993342,0.028195134187640452
conversion_p04,0.05,210978,cuped_plus_strata,1500,0.7766666666666666,0.7548986098908663,0.7970212717772998,0.0007312371010807412,0.02820289017700098
conversion_p04,0.05,301396,cuped_plus_strata,1500,0.902,0.8859113811407675,0.9160348565602066,0.0006117345979613607,0.02819704388292276
conversion_p04,0.05,421956,cuped_plus_strata,1500,0.9713333333333334,0.9616101063172817,0.9786485836571606,0.0005170365046685485,0.02820003123114752
conversion_p04,0.05,572654,cuped_plus_strata,1500,0.9946666666666667,0.9895110786364689,0.9972950712376982,0.0004437859611194402,0.028195475705612233
conversion_p04,0.05,105488,diff_in_means,1500,0.378,0.35380277168295404,0.40282050941277026,0.0012208908699182634,0.03930943114253904
conversion_p04,0.05,150698,diff_in_means,1500,0.4646666666666667,0.4395492505485541,0.4899645958890054,0.00102147707568334,0.03931015409561463
conversion_p04,0.05,210978,diff_in_means,1500,0.6493333333333333,0.6248315845192117,0.6730721588390275,0.0008632961381516443,0.03930943267706108
conversion_p04,0.05,301396,diff_in_means,1500,0.7913333333333333,0.770037891732153,0.8111403933015545,0.000722297633116483,0.03931061845133669
conversion_p04,0.05,421956,diff_in_means,1500,0.9073333333333333,0.8916007201325461,0.9209849369740793,0.0006105001248690275,0.03931684764564074
conversion_p04,0.05,572654,diff_in_means,1500,0.9633333333333334,0.9525774783578572,0.971722082508108,0.0005240607283658312,0.03931837310547856
conversion_p04,0.05,105488,lin_adjusted,1500,0.4766666666666667,0.45148304349340806,0.5019694966068671,0.001057122216367147,0.02947090463424708
conversion_p04,0.05,150698,lin_adjusted,1500,0.612,0.5870837037570998,0.6363441037615795,0.0008842239499762013,0.0294558829370845
conversion_p04,0.05,210978,lin_adjusted,1500,0.764,0.7418540478824774,0.7847972126972668,0.0007474370443352248,0.029466354992407583
conversion_p04,0.05,301396,lin_adjusted,1500,0.8966666666666666,0.8802355983981932,0.9110712198971295,0.0006252702438340074,0.029458661881178586
conversion_p04,0.05,421956,lin_adjusted,1500,0.9673333333333334,0.95707623198922,0.9752028934309839,0.0005284680052909361,0.029460802578248308
conversion_p04,0.05,572654,lin_adjusted,1500,0.9906666666666667,0.9843943504914645,0.9944322348284642,0.0004536021570624564,0.02945659404442681
conversion_p04,0.05,105488,post_stratified,1500,0.4266666666666667,0.40185587945924867,0.4518521037130447,0.0011279495738951064,0.03355231080224901
conversion_p04,0.05,150698,post_stratified,1500,0.5453333333333333,0.5200506603813491,0.5703844045666879,0.0009437453460032531,0.033554992274883934
conversion_p04,0.05,210978,post_stratified,1500,0.7146666666666667,0.6912886055053428,0.736948025572126,0.0007975793594434328,0.03355250829509751
conversion_p04,0.05,301396,post_stratified,1500,0.8466666666666667,0.8275491245794631,0.8640131367878778,0.0006673024155918794,0.03355234562644211
conversion_p04,0.05,421956,post_stratified,1500,0.9473333333333334,0.934843684757635,0.957537617891376,0.0005640187379824586,0.03355785864340207
conversion_p04,0.05,572654,post_stratified,1500,0.98,0.9715926317939492,0.9859551147146766,0.0004841474217718951,0.03355734201089975
conversion_p04,0.075,46884,cuped,1500,0.47733333333333333,0.4521464595955274,0.502636007930454,0.0015941666233712784,0.029787365221614993
conversion_p04,0.075,66978,cuped,1500,0.6206666666666667,0.5958327507504623,0.6448841133024007,0.0013337070038198363,0.029784687472591713
conversion_p04,0.075,93768,cuped,1500,0.7666666666666667,0.7445980289683917,0.7873729413141782,0.0011270103110488064,0.029774908838452494
conversion_p04,0.075,133954,cuped,1500,0.8913333333333333,0.8745724531026949,0.9060949457869764,0.0009431513489830725,0.02978917500109623
conversion_p04,0.075,187536,cuped,1500,0.97,0.9600945147964701,0.9775043203265592,0.0007970074885399578,0.029781698400404736
conversion_p04,0.075,254514,cuped,1500,0.9926666666666667,0.9869160908041851,0.9959002767928627,0.000684209099645166,0.029787179103192077
conversion_p04,0.075,46884,cuped_plus_strata,1500,0.5,0.47472931184068445,0.5252706881593155,0.001558861601697665,0.028482610110352885
conversion_p04,0.075,66978,cuped_plus_strata,1500,0.6433333333333333,0.6187543426921366,0.6671800538347447,0.0013041912094782138,0.02848096637633428
conversion_p04,0.075,93768,cuped_plus_strata,1500,0.7813333333333333,0.759711459443883,0.8015179142042284,0.0011020491347777661,0.028470597230277003
conversion_p04,0.075,133954,cuped_plus_strata,1500,0.9033333333333333,0.8873324063961125,0.9172736861562745,0.0009222505351565164,0.028483511381911752
conversion_p04,0.075,187536,cuped_plus_strata,1500,0.9773333333333334,0.9684933393768472,0.983734697428953,0.0007793481650172476,0.02847657093561167
conversion_p04,0.075,254514,cuped_plus_strata,1500,0.9966666666666667,0.9922205476749006,0.9985753844763858,0.0006690495608179682,0.028481854601706224
conversion_p04,0.075,46884,diff_in_means,1500,0.394,0.3695730083675056,0.41896853094517283,0.0018420810120687344,0.03977242923533833
conversion_p04,0.075,66978,diff_in_means,1500,0.5106666666666667,0.4853744676936894,0.5359043711176136,0.0015413114669500425,0.039778921363331006
conversion_p04,0.075,93768,diff_in_means,1500,0.6213333333333333,0.5965060961337747,0.6455406953447944,0.00130242681401657,0.03976503043278938
conversion_p04,0.075,133954,diff_in_means,1500,0.788,0.766593712020732,0.8079349358844434,0.0010897978223804504,0.0397729282559061
conversion_p04,0.075,187536,diff_in_means,1500,0.9073333333333333,0.8916007201325461,0.9209849369740793,0.0009209600514467926,0.03976548114866345
conversion_p04,0.075,254514,diff_in_means,1500,0.9626666666666667,0.9518307049496499,0.9711389284906089,0.0007905658622229964,0.03976745506768959
conversion_p04,0.075,46884,lin_adjusted,1500,0.47733333333333333,0.4521464595955274,0.502636007930454,0.0015943358220915987,0.02979368859015827
conversion_p04,0.075,66978,lin_adjusted,1500,0.6206666666666667,0.5958327507504623,0.6448841133024007,0.0013337876680121533,0.029788290408478364
conversion_p04,0.075,93768,lin_adjusted,1500,0.7666666666666667,0.7445980289683917,0.7873729413141782,0.001127043809677921,0.029776678890494925
conversion_p04,0.075,133954,lin_adjusted,1500,0.8913333333333333,0.8745724531026949,0.9060949457869764,0.0009431484742463946,0.029788993405844177
conversion_p04,0.075,187536,lin_adjusted,1500,0.97,0.9600945147964701,0.9775043203265592,0.0007969936022887142,0.029780660637147294
conversion_p04,0.075,254514,lin_adjusted,1500,0.9926666666666667,0.9869160908041851,0.9959002767928627,0.0006841876062733364,0.02978530769615969
conversion_p04,0.075,46884,post_stratified,1500,0.43333333333333335,0.4084579972564933,0.4585492601728643,0.001700318766748411,0.03388639449219469
conversion_p04,0.075,66978,post_stratified,1500,0.5753333333333334,0.5501579447103062,0.6001238543945198,0.0014226114064156464,0.03388790780119523
conversion_p04,0.075,93768,post_stratified,1500,0.7026666666666667,0.6790414900159882,0.7252564473987648,0.0012021548509521024,0.033877822488621555
conversion_p04,0.075,133954,post_stratified,1500,0.852,0.8331310884654884,0.8690705923075038,0.00100587718020251,0.033883292632978124
conversion_p04,0.075,187536,post_stratified,1500,0.9433333333333334,0.9304607247282382,0.9539410133665343,0.0008500344896174156,0.03387643897484905
conversion_p04,0.075,254514,post_stratified,1500,0.9866666666666667,0.97949473371323,0.99135228705246,0.0007297051236276425,0.03388023987239262
conversion_p04,0.1,26372,cuped,1500,0.47533333333333333,0.45015634616968253,0.5006363390791798,0.002136583902181427,0.03009698415360394
conversion_p04,0.1,37674,cuped,1500,0.6113333333333333,0.5864110402377631,0.6356868398552098,0.001787800499926626,0.030103698165465653
conversion_p04,0.1,52744,cuped,1500,0.7446666666666667,0.7219943353620211,0.7660890298722369,0.0015117101678646953,0.030133538990613915
conversion_p04,0.1,75350,cuped,1500,0.8846666666666667,0.8675100692642348,0.8998580553683724,0.0012651597983758794,0.030151854729346617
conversion_p04,0.1,105488,cuped,1500,0.9646666666666667,0.9540735206139236,0.9728858951034544,0.0010686986912837888,0.03011990669564738
conversion_p04,0.1,143164,cuped,1500,0.9906666666666667,0.9843943504914645,0.9944322348284642,0.0009175539834452455,0.03013263304098449
conversion_p04,0.1,26372,cuped_plus_strata,1500,0.47933333333333333,0.4541369775644245,0.5046352722386763,0.0020881784124210504,0.02874870451829386
conversion_p04,0.1,37674,cuped_plus_strata,1500,0.64,0.6153798833270084,0.6639048760713407,0.001747379602054893,0.028757840158831687
conversion_p04,0.1,52744,cuped_plus_strata,1500,0.7633333333333333,0.7411682357827225,0.7841530973713151,0.0014773850562481655,0.028780641845953258
conversion_p04,0.1,75350,cuped_plus_strata,1500,0.8953333333333333,0.8788186606451378,0.9098283027987719,0.0012364015933282605,0.028796677153461053
conversion_p04,0.1,105488,cuped_plus_strata,1500,0.9713333333333334,0.9616101063172817,0.9786485836571606,0.0010444234422213544,0.028767113654717156
conversion_p04,0.1,143164,cuped_plus_strata,1500,0.9913333333333333,0.9852283335257945,0.9949281792198403,0.0008967170364300279,0.028779594761583087
conversion_p04,0.1,26372,diff_in_means,1500,0.37666666666666665,0.35248985315186815,0.4014735730924432,0.002469549165437789,0.04020855161983197
conversion_p04,0.1,37674,diff_in_means,1500,0.4826666666666667,0.4574554059351735,0.5079664809964595,0.0020663694842784947,0.04021589158088211
conversion_p04,0.1,52744,diff_in_means,1500,0.62,0.5951594543869999,0.6442274822401565,0.00174696782327296,0.04024230824521633
conversion_p04,0.1,75350,diff_in_means,1500,0.7686666666666667,0.7466567901849227,0.7893039623747665,0.0014618727667099467,0.04025709353718286
conversion_p04,0.1,105488,diff_in_means,1500,0.8966666666666666,0.8802355983981932,0.9110712198971295,0.001234796577635321,0.04020998409442547
conversion_p04,0.1,143164,diff_in_means,1500,0.9753333333333334,0.966186324588402,0.9820519299402789,0.001060429569796953,0.04024736863763858
conversion_p04,0.1,26372,lin_adjusted,1500,0.47533333333333333,0.45015634616968253,0.5006363390791798,0.0021370001656551172,0.03010871268490992
conversion_p04,0.1,37674,lin_adjusted,1500,0.6106666666666667,0.5857384250715076,0.6350295275957589,0.0017879820075509011,0.03010981107135958
conversion_p04,0.1,52744,lin_adjusted,1500,0.7446666666666667,0.7219943353620211,0.7660890298722369,0.0015117715345238792,0.030135985533859884
conversion_p04,0.1,75350,lin_adjusted,1500,0.8846666666666667,0.8675100692642348,0.8998580553683724,0.0012651621708412984,0.030151967812768687
conversion_p04,0.1,105488,lin_adjusted,1500,0.9646666666666667,0.9540735206139236,0.9728858951034544,0.001068662415242585,0.030117861942638782
conversion_p04,0.1,143164,lin_adjusted,1500,0.9906666666666667,0.9843943504914645,0.9944322348284642,0.0009175086471279972,0.030129655409398395
conversion_p04,0.1,26372,post_stratified,1500,0.42533333333333334,0.4005360105507023,0.4505121177701781,0.002277316517095761,0.03419242223201204
conversion_p04,0.1,37674,post_stratified,1500,0.5713333333333334,0.546138264500563,0.5961639700500245,0.0019056104051313654,0.03420187954556099
conversion_p04,0.1,52744,post_stratified,1500,0.69,0.6661345750207683,0.7128947413055626,0.0016109664519757417,0.03422047742323381
conversion_p04,0.1,75350,post_stratified,1500,0.8426666666666667,0.8233676823317545,0.8602150144813477,0.0013479741850943132,0.03422838557933477
conversion_p04,0.1,105488,post_stratified,1500,0.942,0.9290033955548009,0.9527384876885585,0.001138693706429941,0.03419455117246957
conversion_p04,0.1,143164,post_stratified,1500,0.9886666666666667,0.9819247435172263,0.9929120595255831,0.000977822984905907,0.03422112763510036
revenue_p10,0.05,117428,cuped,1500,0.47733333333333333,0.4521464595955274,0.502636007930454,0.44039853408289126,5693.815656018009
revenue_p10,0.05,167752,cuped,1500,0.626,0.6012208906433683,0.6501353928151461,0.36875254647065,5702.66383888796
revenue_p10,0.05,234854,cuped,1500,0.774,0.7521501186321357,0.794450053333205,0.3117894158027857,5707.694327287298
revenue_p10,0.05,335506,cuped,1500,0.894,0.8774024989848888,0.9085846096076082,0.26125831375600783,5725.066542103572
revenue_p10,0.05,469708,cuped,1500,0.9613333333333334,0.9503395495763649,0.969970229012481,0.2207886655295411,5724.288514749758
revenue_p10,0.05,637462,cuped,1500,0.9953333333333333,0.9903984313813807,0.9977376459184928,0.18931443659682282,5711.65249261452
revenue_p10,0.05,117428,cuped_plus_strata,1500,0.486,0.4607749566085008,0.5112965674516643,0.4356083192927887,5570.626022273396
revenue_p10,0.05,167752,cuped_plus_strata,1500,0.6366666666666667,0.6120066897935231,0.660628432476294,0.3647483583940486,5579.488763321469
revenue_p10,0.05,234854,cuped_plus_strata,1500,0.7866666666666666,0.7652166152863336,0.8066521777674289,0.3084215183028067,5585.0531660394945
revenue_p10,0.05,335506,cuped_plus_strata,1500,0.898,0.8816533254589297,0.9123133476878059,0.2584313075987131,5601.838060280898
revenue_p10,0.05,469708,cuped_plus_strata,1500,0.9653333333333334,0.9548228339303267,0.9734665092127578,0.21840841446073947,5601.530408910333
revenue_p10,0.05,637462,cuped_plus_strata,1500,0.9946666666666667,0.9895110786364689,0.9972950712376982,0.18726086457560553,5588.411246632207
revenue_p10,0.05,117428,diff_in_means,1500,0.37866666666666665,0.3544593046552054,0.40349390386622525,0.5094155958983012,7618.266248004175
revenue_p10,0.05,167752,diff_in_means,1500,0.5106666666666667,0.4853744676936894,0.5359043711176136,0.42613163761279294,7615.444781431926
revenue_p10,0.05,234854,diff_in_means,1500,0.6393333333333333,0.6147051435988224,0.6632496883738204,0.36042766448473806,7627.359307199576
revenue_p10,0.05,335506,diff_in_means,1500,0.7946666666666666,0.7734841544283532,0.8143437677338864,0.30194983796501185,7647.331237832224
revenue_p10,0.05,469708,diff_in_means,1500,0.9093333333333333,0.8937379268859743,0.9228375124977705,0.2551717501589644,7645.979872892922
revenue_p10,0.05,637462,diff_in_means,1500,0.9666666666666667,0.9563241640542839,0.9746250339402134,0.21873200176036162,7624.633354642221
revenue_p10,0.05,117428,lin_adjusted,1500,0.47733333333333333,0.4521464595955274,0.502636007930454,0.44079274122843043,5704.0134528074705
revenue_p10,0.05,167752,lin_adjusted,1500,0.628,0.6032422573043712,0.6521038084312623,0.36896919235516235,5709.366553679025
revenue_p10,0.05,234854,lin_adjusted,1500,0.7726666666666666,0.7507763325924692,0.7931639845214584,0.3119540655689831,5713.724157845359
revenue_p10,0.05,335506,lin_adjusted,1500,0.894,0.8774024989848888,0.9085846096076082,0.2613182294234065,5727.692759131585
revenue_p10,0.05,469708,lin_adjusted,1500,0.9613333333333334,0.9503395495763649,0.969970229012481,0.22083766336074465,5726.829486169665
revenue_p10,0.05,637462,lin_adjusted,1500,0.9953333333333333,0.9903984313813807,0.9977376459184928,0.18933257064691744,5712.746760488917
revenue_p10,0.05,117428,post_stratified,1500,0.4106666666666667,0.3860297411040679,0.4357599838512712,0.4832080060211531,6854.565257223832
revenue_p10,0.05,167752,post_stratified,1500,0.5593333333333333,0.5340891834924629,0.5842743573954089,0.40420744783415824,6851.983970178513
revenue_p10,0.05,234854,post_stratified,1500,0.6853333333333333,0.6613845828685613,0.7083352414778249,0.34192513972030325,6864.359751656192
revenue_p10,0.05,335506,post_stratified,1500,0.8353333333333334,0.8157124288112625,0.8532410663190693,0.28647462298670556,6883.552245554009
revenue_p10,0.05,469708,post_stratified,1500,0.9346666666666666,0.9210176466028215,0.9460950349577675,0.24209557218024794,6882.427713717535
revenue_p10,0.05,637462,post_stratified,1500,0.9793333333333333,0.9708150932498304,0.985402725833089,0.20750228216401964,6861.831744962198
revenue_p10,0.075,52190,cuped,1500,0.488,0.46276722541945475,0.5132940809178296,0.6605937081399151,5693.7208562861815
revenue_p10,0.075,74556,cuped,1500,0.6286666666666667,0.6039161453061953,0.6527598478551447,0.5534709800592218,5709.68721418445
revenue_p10,0.075,104380,cuped,1500,0.7613333333333333,0.739111235690927,0.7822203151859916,0.47071906457696816,5782.037143248454
revenue_p10,0.075,149114,cuped,1500,0.9093333333333333,0.8937379268859743,0.9228375124977705,0.3925862057538625,5745.508885295998
revenue_p10,0.075,208760,cuped,1500,0.968,0.9578292713813557,0.9757797814645544,0.33207248235085435,5755.102649173826
revenue_p10,0.075,283316,cuped,1500,0.9893333333333333,0.9827430427895784,0.9934236876789372,0.2858923992883916,5789.170348592974
revenue_p10,0.075,52190,cuped_plus_strata,1500,0.49533333333333335,0.4700756637418152,0.5206148442782399,0.6530569457906927,5564.541828077241
revenue_p10,0.075,74556,cuped_plus_strata,1500,0.632,0.6072863311326053,0.6560392991572668,0.5472734752468363,5582.534396794384
revenue_p10,0.075,104380,cuped_plus_strata,1500,0.7706666666666667,0.7487162226820377,0.7912343121547708,0.4654670900245344,5653.73257242372
revenue_p10,0.075,149114,cuped_plus_strata,1500,0.9146666666666666,0.8994476527415375,0.9277672060478587,0.3882216641030521,5618.468660564277
revenue_p10,0.075,208760,cuped_plus_strata,1500,0.9726666666666667,0.9631303791093742,0.9797881657164811,0.32835537012496113,5626.982230001892
revenue_p10,0.075,283316,cuped_plus_strata,1500,0.9926666666666667,0.9869160908041851,0.9959002767928627,0.282728114707472,5661.72934911827
revenue_p10,0.075,52190,diff_in_means,1500,0.394,0.3695730083675056,0.41896853094517283,0.7646998555655034,7629.732677107062
revenue_p10,0.075,74556,diff_in_means,1500,0.5066666666666667,0.4813811896139675,0.5319180846430969,0.6409011290385578,7656.048600004818
revenue_p10,0.075,104380,diff_in_means,1500,0.6286666666666667,0.6039161453061953,0.6527598478551447,0.5444013557731757,7733.849159795397
revenue_p10,0.075,149114,diff_in_means,1500,0.8086666666666666,0.7879820765510289,0.8277743215510457,0.4542577675080116,7692.422923866991
revenue_p10,0.075,208760,diff_in_means,1500,0.9066666666666666,0.8908887769009498,0.9203669527799693,0.3838650932422922,7690.3222679793935
revenue_p10,0.075,283316,diff_in_means,1500,0.9633333333333334,0.9525774783578572,0.971722082508108,0.3303924197155105,7731.633506566437
revenue_p10,0.075,52190,lin_adjusted,1500,0.4866666666666667,0.46143900135505744,0.5119624501308141,0.6617726952994721,5714.0626004326505
revenue_p10,0.075,74556,lin_adjusted,1500,0.6286666666666667,0.6039161453061953,0.6527598478551447,0.5541037809206081,5722.750809568736
revenue_p10,0.075,104380,lin_adjusted,1500,0.7586666666666667,0.7363695789485286,0.7796422622255642,0.47108525397938955,5791.036754506573
revenue_p10,0.075,149114,lin_adjusted,1500,0.9086666666666666,0.8930252928929022,0.922220219065136,0.39292586901067966,5755.455146581296
revenue_p10,0.075,208760,lin_adjusted,1500,0.968,0.9578292713813557,0.9757797814645544,0.33227888229203684,5762.259050664031
revenue_p10,0.075,283316,lin_adjusted,1500,0.9893333333333333,0.9827430427895784,0.9934236876789372,0.2859267008348116,5790.559608389071
revenue_p10,0.075,52190,post_stratified,1500,0.4206666666666667,0.3959179308668364,0.4458207054740991,0.7245340149974656,6849.279108645717
revenue_p10,0.075,74556,post_stratified,1500,0.542,0.5167111100180196,0.5670743178014853,0.6073860943966423,6876.260135434157
revenue_p10,0.075,104380,post_stratified,1500,0.684,0.6600279467949919,0.7070320226999813,0.5161849059091052,6952.930735721582
revenue_p10,0.075,149114,post_stratified,1500,0.84,0.8205823751869473,0.8576806119233292,0.43063006804552423,6913.009121839147
revenue_p10,0.075,208760,post_stratified,1500,0.932,0.9181251373459254,0.9436678345118379,0.3639132079382841,6911.669027773772
revenue_p10,0.075,283316,post_stratified,1500,0.976,0.9669538023528023,0.982614379601585,0.3132854141874564,6951.707037348049
revenue_p10,0.1,29356,cuped,1500,0.4713333333333333,0.44617733388591935,0.4966357868087044,0.8876520857569988,5782.59056783448
revenue_p10,0.1,41938,cuped,1500,0.632,0.6072863311326053,0.6560392991572668,0.7433338933737305,5793.160957106468
revenue_p10,0.1,58714,cuped,1500,0.778,0.7562733189865307,0.7983064175330485,0.6295538761123445,5817.648550259782
revenue_p10,0.1,83876,cuped,1500,0.8726666666666667,0.8548400771961882,0.8885893537737033,0.5256146196598449,5793.120903823027
revenue_p10,0.1,117428,cuped,1500,0.9606666666666667,0.9495951286445223,0.9693847225186172,0.4454386073305016,5824.885386501059
revenue_p10,0.1,159366,cuped,1500,0.9906666666666667,0.9843943504914645,0.9944322348284642,0.38250689356100004,5829.270568373411
revenue_p10,0.1,29356,cuped_plus_strata,1500,0.47933333333333333,0.4541369775644245,0.5046352722386763,0.8774869728580837,5650.908081124087
revenue_p10,0.1,41938,cuped_plus_strata,1500,0.632,0.6072863311326053,0.6560392991572668,0.7348542095487998,5661.742281567689
revenue_p10,0.1,58714,cuped_plus_strata,1500,0.784,0.7624633954874508,0.8040856878634862,0.6223497310323913,5685.264696890625
revenue_p10,0.1,83876,cuped_plus_strata,1500,0.8813333333333333,0.8639853711631557,0.8967331163409192,0.5195849845623063,5660.970654593192
revenue_p10,0.1,117428,cuped_plus_strata,1500,0.9646666666666667,0.9540735206139236,0.9728858951034544,0.44032946008630364,5692.029711107877
revenue_p10,0.1,159366,cuped_plus_strata,1500,0.9913333333333333,0.9852283335257945,0.9949281792198403,0.3781337577617196,5696.742405866651
revenue_p10,0.1,29356,diff_in_means,1500,0.38133333333333336,0.3570859267445233,0.4061869914797332,1.0296414453851312,7780.525292936047
revenue_p10,0.1,41938,diff_in_means,1500,0.5,0.47472931184068445,0.5252706881593155,0.860838146932472,7769.458153862569
revenue_p10,0.1,58714,diff_in_means,1500,0.646,0.6214548268170315,0.6697992794126757,0.7292154692409443,7805.368711717795
revenue_p10,0.1,83876,diff_in_means,1500,0.7706666666666667,0.7487162226820377,0.7912343121547708,0.6085166586132273,7764.663931767845
revenue_p10,0.1,117428,diff_in_means,1500,0.8953333333333333,0.8788186606451378,0.9098283027987719,0.5153229256518351,7795.977918588383
revenue_p10,0.1,159366,diff_in_means,1500,0.9626666666666667,0.9518307049496499,0.9711389284906089,0.4423768733265256,7796.873900424532
revenue_p10,0.1,29356,lin_adjusted,1500,0.47333333333333333,0.4481666375166663,0.49863626545507667,0.8887542433823551,5796.959447550116
revenue_p10,0.1,41938,lin_adjusted,1500,0.6293333333333333,0.6045900829557596,0.6534158376312869,0.7447253759343645,5814.870252159906
revenue_p10,0.1,58714,lin_adjusted,1500,0.7773333333333333,0.7555859256118739,0.7976638834819988,0.6301885415913036,5829.384231552731
revenue_p10,0.1,83876,lin_adjusted,1500,0.8733333333333333,0.8555426290111002,0.8892167293844976,0.5260256113396822,5802.18402823367
revenue_p10,0.1,117428,lin_adjusted,1500,0.96,0.948851454247777,0.968798469489656,0.44578568213901615,5833.966137765143
revenue_p10,0.1,159366,lin_adjusted,1500,0.9906666666666667,0.9843943504914645,0.9944322348284642,0.38272232829777114,5835.838716785116
revenue_p10,0.1,29356,post_stratified,1500,0.43333333333333335,0.4084579972564933,0.4585492601728643,0.9753763119952288,6982.023334060376
revenue_p10,0.1,41938,post_stratified,1500,0.544,0.5187147042461345,0.5690605058504895,0.8155691048037232,6973.7962585056275
revenue_p10,0.1,58714,post_stratified,1500,0.6953333333333334,0.6715665347346313,0.7181022009973512,0.6908921963916085,7006.518158830619
revenue_p10,0.1,83876,post_stratified,1500,0.81,0.7893648920752465,0.829051360878241,0.5765469489121906,6970.229472385779
revenue_p10,0.1,117428,post_stratified,1500,0.9213333333333333,0.906607929274484,0.9339062037719765,0.48831426441563947,7000.200747158773
revenue_p10,0.1,159366,post_stratified,1500,0.972,0.962369637905843,0.9792189794943057,0.41918314583160554,7000.729640175982
sessions_m3,0.02,43496,cuped,1500,0.4666666666666667,0.4415372020498134,0.49196642666486534,0.03163806754139835,10.884518613257908
sessions_m3,0.02,62136,cuped,1500,0.6006666666666667,0.5756549701327582,0.6251640711489119,0.026469444001309246,10.883609188781021
sessions_m3,0.02,86992,cuped,1500,0.7506666666666667,0.728151412706422,0.7719012993591937,0.0223689291989283,10.882024870782995
sessions_m3,0.02,124274,cuped,1500,0.888,0.8710390412190304,0.9029787205421088,0.018715018595397502,10.88180180839859
sessions_m3,0.02,173984,cuped,1500,0.97,0.9600945147964701,0.9775043203265592,0.015814936331768257,10.878880737393224
sessions_m3,0.02,236120,cuped,1500,0.9906666666666667,0.9843943504914645,0.9944322348284642,0.013577016881370687,10.881317918046364
sessions_m3,0.02,43496,cuped_plus_strata,1500,0.4713333333333333,0.44617733388591935,0.4966357868087044,0.031478831737113896,10.775229800079597
sessions_m3,0.02,62136,cuped_plus_strata,1500,0.6086666666666667,0.583720869242713,0.6330573011474342,0.026336269179627066,10.774368020203765
sessions_m3,0.02,86992,cuped_plus_strata,1500,0.7613333333333333,0.739111235690927,0.7822203151859916,0.022255792495690947,10.77222587594554
sessions_m3,0.02,124274,cuped_plus_strata,1500,0.886,0.8689211361513607,0.9011068433326592,0.01862017216544162,10.771784846177034
sessions_m3,0.02,173984,cuped_plus_strata,1500,0.972,0.962369637905843,0.9792189794943057,0.015734785526565848,10.768890853263366
sessions_m3,0.02,236120,cuped_plus_strata,1500,0.9893333333333333,0.9827430427895784,0.9934236876789372,0.013508145913036467,10.771204454645382
sessions_m3,0.02,43496,diff_in_means,1500,0.364,0.3400270074743273,0.38866779768156207,0.0365302742735663,14.51092824527053
sessions_m3,0.02,62136,diff_in_means,1500,0.4746666666666667,0.44949306496533886,0.49996969285781706,0.030568424477860883,14.515413484961604
sessions_m3,0.02,86992,diff_in_means,1500,0.632,0.6072863311326053,0.6560392991572668,0.02582880497959177,14.508681620821466
sessions_m3,0.02,124274,diff_in_means,1500,0.7833333333333333,0.7617752917934527,0.8034438641317777,0.021610743664954205,14.509742654883143
sessions_m3,0.02,173984,diff_in_means,1500,0.9113333333333333,0.8958772469580152,0.9246879747028489,0.018261424613780528,14.505029939712637
sessions_m3,0.02,236120,diff_in_means,1500,0.964,0.953325076335369,0.9723044119563026,0.015678235511333693,14.509991268244312
sessions_m3,0.02,43496,lin_adjusted,1500,0.4666666666666667,0.4415372020498134,0.49196642666486534,0.031639557059200824,10.885543521992966
sessions_m3,0.02,62136,lin_adjusted,1500,0.6006666666666667,0.5756549701327582,0.6251640711489119,0.026470319613029706,10.884329262341293
sessions_m3,0.02,86992,lin_adjusted,1500,0.7506666666666667,0.728151412706422,0.7719012993591937,0.022369381378033477,10.88246482693459
sessions_m3,0.02,124274,lin_adjusted,1500,0.888,0.8710390412190304,0.9029787205421088,0.018715189936373687,10.882001060894117
sessions_m3,0.02,173984,lin_adjusted,1500,0.97,0.9600945147964701,0.9775043203265592,0.015814973783061487,10.878932261930078
sessions_m3,0.02,236120,lin_adjusted,1500,0.9906666666666667,0.9843943504914645,0.9944322348284642,0.013576999467671307,10.881290005600025
sessions_m3,0.02,43496,post_stratified,1500,0.448,0.4229988266715707,0.4732668341233282,0.03221350551549484,11.284057861427781
sessions_m3,0.02,62136,post_stratified,1500,0.6006666666666667,0.5756549701327582,0.6251640711489119,0.026951457574885016,11.283603470091785
sessions_m3,0.02,86992,post_stratified,1500,0.732,0.7090138638881273,0.7538008802577084,0.022776221094517126,11.281910867287918
sessions_m3,0.02,124274,post_stratified,1500,0.878,0.8604647922485368,0.893604058127006,0.019055234406424718,11.281033190940004
sessions_m3,0.02,173984,post_stratified,1500,0.966,0.9555730400929953,0.9740462304757956,0.016101885901358602,11.277239653827813
sessions_m3,0.02,236120,post_stratified,1500,0.99,0.9835660953982986,0.9939305624959235,0.013823768840074958,11.280431409234128
sessions_m3,0.03,19332,cuped,1500,0.452,0.4269683425493188,0.4772768827998186,0.04764553933685821,10.971380824577597
sessions_m3,0.03,27616,cuped,1500,0.61,0.585065858213312,0.634372167028248,0.039875787204615216,10.977901309416257
sessions_m3,0.03,38664,cuped,1500,0.7486666666666667,0.7260984383377286,0.7699644914507678,0.03369216778117601,10.972477533237644
sessions_m3,0.03,55232,cuped,1500,0.8933333333333333,0.8766947051717873,0.9079624759950033,0.028191294866499166,10.97389565909865
sessions_m3,0.03,77326,cuped,1500,0.9606666666666667,0.9495951286445223,0.9693847225186172,0.023835387120911686,10.982721567526767
sessions_m3,0.03,104942,cuped,1500,0.9906666666666667,0.9843943504914645,0.9944322348284642,0.02045607466116623,10.97827096239631
sessions_m3,0.03,19332,cuped_plus_strata,1500,0.4553333333333333,0.4302775221157367,0.48061734036193277,0.04740841660555406,10.862447645066226
sessions_m3,0.03,27616,cuped_plus_strata,1500,0.6133333333333333,0.588429176036808,0.637658486333284,0.03967584504896728,10.868088185134063
sessions_m3,0.03,38664,cuped_plus_strata,1500,0.7533333333333333,0.7308896799583833,0.7744827418100579,0.03352198612773204,10.861911872460006
sessions_m3,0.03,55232,cuped_plus_strata,1500,0.8946666666666667,0.8781104836132213,0.9092065524049823,0.028048550129434625,10.863045837529926
sessions_m3,0.03,77326,cuped_plus_strata,1500,0.9586666666666667,0.9473662756084309,0.9676237932775893,0.02371467847341962,10.871764477600644
sessions_m3,0.03,104942,cuped_plus_strata,1500,0.9906666666666667,0.9843943504914645,0.9944322348284642,0.020352274295699236,10.867139442943113
sessions_m3,0.03,19332,diff_in_means,1500,0.36933333333333335,0.34527233197911533,0.3940618925824254,0.05503610486428308,14.639025729110214
sessions_m3,0.03,27616,diff_in_means,1500,0.4886666666666667,0.4634314047282225,0.5139598290347684,0.046043391081004914,14.636437624893658
sessions_m3,0.03,38664,diff_in_means,1500,0.6253333333333333,0.6005472006924305,0.6494791553403773,0.03890115967190085,14.627559963431798
sessions_m3,0.03,55232,diff_in_means,1500,0.798,0.7769325374819857,0.8175450218087862,0.032553222677187896,14.632507530507372
sessions_m3,0.03,77326,diff_in_means,1500,0.9046666666666666,0.8887542938282745,0.9185116535755252,0.027522858405860315,14.643760775847506
sessions_m3,0.03,104942,diff_in_means,1500,0.9666666666666667,0.9563241640542839,0.9746250339402134,0.02362014287087722,14.637077955903125
sessions_m3,0.03,19332,lin_adjusted,1500,0.4513333333333333,0.42630664287502185,0.4766086550484091,0.047651164074324036,10.973971404105177
sessions_m3,0.03,27616,lin_adjusted,1500,0.61,0.585065858213312,0.634372167028248,0.03987835886567506,10.979317324178275
sessions_m3,0.03,38664,lin_adjusted,1500,0.7486666666666667,0.7260984383377286,0.7699644914507678,0.033693258776374184,10.973188150268605
sessions_m3,0.03,55232,lin_adjusted,1500,0.8933333333333333,0.8766947051717873,0.9079624759950033,0.02819182769579323,10.974310487034895
sessions_m3,0.03,77326,lin_adjusted,1500,0.9606666666666667,0.9495951286445223,0.9693847225186172,0.023835478346276105,10.982805636200752
sessions_m3,0.03,104942,lin_adjusted,1500,0.9906666666666667,0.9843943504914645,0.9944322348284642,0.020456043753776715,10.9782377879534
sessions_m3,0.03,19332,post_stratified,1500,0.44733333333333336,0.4223373999937156,0.4725983333754769,0.04852057663900083,11.378072645223112
sessions_m3,0.03,27616,post_stratified,1500,0.5833333333333334,0.5582023202927646,0.6080386079205387,0.0406002489246652,11.380416988789944
sessions_m3,0.03,38664,post_stratified,1500,0.7313333333333333,0.7083313345671101,0.7531534821530192,0.03430251634258956,11.373620956773406
sessions_m3,0.03,55232,post_stratified,1500,0.882,0.8646899764543662,0.8973584384754153,0.028701236785621323,11.37449179167957
sessions_m3,0.03,77326,post_stratified,1500,0.954,0.9421892993629764,0.9634912775430988,0.02426754807689059,11.38458885804341
sessions_m3,0.03,104942,post_stratified,1500,0.9886666666666667,0.9819247435172263,0.9929120595255831,0.020826556965637875,11.379529410489564
sessions_m3,0.05,6960,cuped,1500,0.45466666666666666,0.4296155954333122,0.47994933961865094,0.0801523561286142,11.178456335764665
sessions_m3,0.05,9942,cuped,1500,0.592,0.5669246580963194,0.6166053266511671,0.06703765425482491,11.169954037197765
sessions_m3,0.05,13918,cuped,1500,0.7506666666666667,0.728151412706422,0.7719012993591937,0.05666577836983565,11.172710819923351
sessions_m3,0.05,19884,cuped,1500,0.8813333333333333,0.8639853711631557,0.8967331163409192,0.04741313178585609,11.174833181808241
sessions_m3,0.05,27838,cuped,1500,0.9653333333333334,0.9548228339303267,0.9734665092127578,0.040065257834655775,11.171562589645145
sessions_m3,0.05,37780,cuped,1500,0.992,0.9860686657808817,0.9954177743904598,0.0343915074715457,11.17131730033205
sessions_m3,0.05,6960,cuped_plus_strata,1500,0.456,0.43093949414951055,0.4812852957538654,0.07976971593404228,11.07198118954417
sessions_m3,0.05,9942,cuped_plus_strata,1500,0.5993333333333334,0.5743113229414238,0.6238478634888336,0.06671025090932545,11.061115206105306
sessions_m3,0.05,13918,cuped_plus_strata,1500,0.7486666666666667,0.7260984383377286,0.7699644914507678,0.05638533853082981,11.06239662310164
sessions_m3,0.05,19884,cuped_plus_strata,1500,0.886,0.8689211361513607,0.9011068433326592,0.04717490838952354,11.062821220334454
sessions_m3,0.05,27838,cuped_plus_strata,1500,0.9646666666666667,0.9540735206139236,0.9728858951034544,0.039862577796381145,11.058820243110585
sessions_m3,0.05,37780,cuped_plus_strata,1500,0.992,0.9860686657808817,0.9954177743904598,0.03421647932261788,11.057898633585866
sessions_m3,0.05,6960,diff_in_means,1500,0.36933333333333335,0.34527233197911533,0.3940618925824254,0.09259647903620366,14.918947798029661
sessions_m3,0.05,9942,diff_in_means,1500,0.47333333333333333,0.4481666375166663,0.49863626545507667,0.07742808093054884,14.900840229578533
sessions_m3,0.05,13918,diff_in_means,1500,0.6253333333333333,0.6005472006924305,0.6494791553403773,0.06546197208794585,14.910596233062824
sessions_m3,0.05,19884,diff_in_means,1500,0.7706666666666667,0.7487162226820377,0.7912343121547708,0.05475623434590191,14.904276887924086
sessions_m3,0.05,27838,diff_in_means,1500,0.902,0.8859113811407675,0.9160348565602066,0.04626492292949211,14.896413710409202
sessions_m3,0.05,37780,diff_in_means,1500,0.9693333333333334,0.9593383815855345,0.9769305261117887,0.03971463669473744,14.897148613823639
sessions_m3,0.05,6960,lin_adjusted,1500,0.45466666666666666,0.4296155954333122,0.47994933961865094,0.08017333182583565,11.18430785673666
sessions_m3,0.05,9942,lin_adjusted,1500,0.592,0.5669246580963194,0.6166053266511671,0.06705000767700205,11.174071122537535
sessions_m3,0.05,13918,lin_adjusted,1500,0.7506666666666667,0.728151412706422,0.7719012993591937,0.05667227404443346,11.17527245255575
sessions_m3,0.05,19884,lin_adjusted,1500,0.8813333333333333,0.8639853711631557,0.8967331163409192,0.04741549477391186,11.175947078079323
sessions_m3,0.05,27838,lin_adjusted,1500,0.9653333333333334,0.9548228339303267,0.9734665092127578,0.040065820464895735,11.171876352911033
sessions_m3,0.05,37780,lin_adjusted,1500,0.992,0.9860686657808817,0.9954177743904598,0.03439121434591852,11.17112687044538
sessions_m3,0.05,6960,post_stratified,1500,0.4553333333333333,0.4302775221157367,0.48061734036193277,0.08165235268426348,11.600765656043107
sessions_m3,0.05,9942,post_stratified,1500,0.5826666666666667,0.5575316993323687,0.607379301455228,0.06827309324662004,11.58545053236299
sessions_m3,0.05,13918,post_stratified,1500,0.7346666666666667,0.71174462667596,0.7563898271727016,0.05771127515804044,11.588792360037171
sessions_m3,0.05,19884,post_stratified,1500,0.8593333333333333,0.8408193912145902,0.8760114912411726,0.048281729429117175,11.58802434682907
sessions_m3,0.05,27838,post_stratified,1500,0.956,0.9444041499014111,0.9652662092817834,0.040790325269324766,11.579568498300322
sessions_m3,0.05,37780,post_stratified,1500,0.994,0.9886360400281666,0.9968401824202942,0.035013275881749156,11.578904013890602
